x-axis,4
second,Volt
-120.000E-03,-2.656705E+00
-115.000E-03,-2.630009E+00
-110.000E-03,-2.600801E+00
-105.000E-03,-2.569080E+00
-100.000E-03,-2.537516E+00
-95.000E-03,-2.503125E+00
-90.000E-03,-2.466379E+00
-85.000E-03,-2.422095E+00
-80.000E-03,-2.375298E+00
-75.000E-03,-2.323477E+00
-70.000E-03,-2.271812E+00
-65.000E-03,-2.215437E+00
-60.000E-03,-2.161573E+00
-55.000E-03,-2.105198E+00
-50.000E-03,-2.041285E+00
-45.000E-03,-1.972346E+00
-40.000E-03,-1.888803E+00
-35.000E-03,-1.793640E+00
-30.000E-03,-1.686856E+00
-25.000E-03,-1.568452E+00
-20.000E-03,-1.433558E+00
-15.000E-03,-1.291127E+00
-10.000E-03,-1.134406E+00
-5.000E-03,-968.577E-03
+0.0E+00,-791.913E-03
+5.000E-03,-609.909E-03
+10.000E-03,-418.640E-03
+15.000E-03,-217.949E-03
+20.000E-03,-12.076E-03
+25.000E-03,+198.822E-03
+30.000E-03,+415.217E-03
+35.000E-03,+640.719E-03
+40.000E-03,+869.205E-03
+45.000E-03,+1.102717E+00
+50.000E-03,+1.340939E+00
+55.000E-03,+1.581046E+00
+60.000E-03,+1.615594E+00
+65.000E-03,+1.615594E+00
+70.000E-03,+1.615594E+00
+75.000E-03,+1.615594E+00
+80.000E-03,+1.615594E+00
+85.000E-03,+1.615594E+00
+90.000E-03,+1.615594E+00
+95.000E-03,+1.615594E+00
+100.000E-03,+1.615594E+00
+105.000E-03,+1.615594E+00
+110.000E-03,+1.615594E+00
+115.000E-03,+1.615594E+00
+120.000E-03,+1.615594E+00
+125.000E-03,+1.615594E+00
+130.000E-03,+1.615594E+00
+135.000E-03,+1.615594E+00
+140.000E-03,+1.615594E+00
+145.000E-03,+1.615594E+00
+150.000E-03,+1.615594E+00
+155.000E-03,+1.615594E+00
+160.000E-03,+1.615594E+00
+165.000E-03,+1.615594E+00
+170.000E-03,+1.615594E+00
+175.000E-03,+1.615594E+00
+180.000E-03,+1.615594E+00
+185.000E-03,+1.615594E+00
+190.000E-03,+1.615594E+00
+195.000E-03,+1.615594E+00
+200.000E-03,+1.615594E+00
+205.000E-03,+1.615594E+00
+210.000E-03,+1.615594E+00
+215.000E-03,+1.615594E+00
+220.000E-03,+1.615594E+00
+225.000E-03,+1.615594E+00
+230.000E-03,+1.615594E+00
+235.000E-03,+1.615594E+00
+240.000E-03,+1.615594E+00
+245.000E-03,+1.615594E+00
+250.000E-03,+1.615594E+00
+255.000E-03,+1.615594E+00
+260.000E-03,+1.615594E+00
+265.000E-03,+1.615594E+00
+270.000E-03,+1.615594E+00
+275.000E-03,+1.615594E+00
+280.000E-03,+1.615594E+00
+285.000E-03,+1.615594E+00
+290.000E-03,+1.615594E+00
+295.000E-03,+1.615594E+00
+300.000E-03,+1.615594E+00
+305.000E-03,+1.615594E+00
+310.000E-03,+1.615594E+00
+315.000E-03,+1.615594E+00
+320.000E-03,+1.615594E+00
+325.000E-03,+1.615594E+00
+330.000E-03,+1.615594E+00
+335.000E-03,+1.615594E+00
+340.000E-03,+1.615594E+00
+345.000E-03,+1.615594E+00
+350.000E-03,+1.615594E+00
+355.000E-03,+1.615594E+00
+360.000E-03,+1.615594E+00
+365.000E-03,+1.615594E+00
+370.000E-03,+1.615594E+00
+375.000E-03,+1.615594E+00
+380.000E-03,+1.615594E+00
+385.000E-03,+1.615594E+00
+390.000E-03,+1.615594E+00
+395.000E-03,+1.615594E+00
+400.000E-03,+1.615594E+00
+405.000E-03,+1.615594E+00
+410.000E-03,+1.615594E+00
+415.000E-03,+1.615594E+00
+420.000E-03,+1.615594E+00
+425.000E-03,+1.615594E+00
+430.000E-03,+1.615594E+00
+435.000E-03,+1.615594E+00
+440.000E-03,+1.615594E+00
+445.000E-03,+1.615594E+00
+450.000E-03,+1.615594E+00
+455.000E-03,+1.615594E+00
+460.000E-03,+1.615594E+00
+465.000E-03,+1.615594E+00
+470.000E-03,+1.615594E+00
+475.000E-03,+1.615594E+00
+480.000E-03,+1.615594E+00
+485.000E-03,+1.615594E+00
+490.000E-03,+1.615594E+00
+495.000E-03,+1.615594E+00
+500.000E-03,+1.615594E+00
+505.000E-03,+1.615594E+00
+510.000E-03,+1.615594E+00
+515.000E-03,+1.615594E+00
+520.000E-03,+1.615594E+00
+525.000E-03,+1.615594E+00
+530.000E-03,+1.615594E+00
+535.000E-03,+1.615594E+00
+540.000E-03,+1.615594E+00
+545.000E-03,+1.615594E+00
+550.000E-03,+1.615594E+00
+555.000E-03,+1.615594E+00
+560.000E-03,+1.615594E+00
+565.000E-03,+1.615594E+00
+570.000E-03,+1.615594E+00
+575.000E-03,+1.615594E+00
+580.000E-03,+1.615594E+00
+585.000E-03,+1.615594E+00
+590.000E-03,+1.615594E+00
+595.000E-03,+1.615594E+00
+600.000E-03,+1.615594E+00
+605.000E-03,+1.615594E+00
+610.000E-03,+1.615594E+00
+615.000E-03,+1.615594E+00
+620.000E-03,+1.615594E+00
+625.000E-03,+1.615594E+00
+630.000E-03,+1.615594E+00
+635.000E-03,+1.615594E+00
+640.000E-03,+1.615594E+00
+645.000E-03,+1.615594E+00
+650.000E-03,+1.615594E+00
+655.000E-03,+1.615594E+00
+660.000E-03,+1.615594E+00
+665.000E-03,+1.615594E+00
+670.000E-03,+1.615594E+00
+675.000E-03,+1.615594E+00
+680.000E-03,+1.615594E+00
+685.000E-03,+1.615594E+00
+690.000E-03,+1.615594E+00
+695.000E-03,+1.615594E+00
+700.000E-03,+1.607899E+00
+705.000E-03,+1.576021E+00
+710.000E-03,+1.522472E+00
+715.000E-03,+1.466096E+00
+720.000E-03,+1.412233E+00
+725.000E-03,+1.355857E+00
+730.000E-03,+1.301837E+00
+735.000E-03,+1.245619E+00
+740.000E-03,+1.191756E+00
+745.000E-03,+1.137893E+00
+750.000E-03,+1.084501E+00
+755.000E-03,+1.032679E+00
+760.000E-03,+976.303E-03
+765.000E-03,+924.953E-03
+770.000E-03,+873.602E-03
+775.000E-03,+820.367E-03
+780.000E-03,+768.389E-03
+785.000E-03,+717.038E-03
+790.000E-03,+665.688E-03
+795.000E-03,+614.337E-03
+800.000E-03,+563.772E-03
+805.000E-03,+514.463E-03
+810.000E-03,+465.311E-03
+815.000E-03,+415.845E-03
+820.000E-03,+367.635E-03
+825.000E-03,+319.739E-03
+830.000E-03,+270.430E-03
+835.000E-03,+223.634E-03
+840.000E-03,+174.796E-03
+845.000E-03,+128.470E-03
+850.000E-03,+82.145E-03
+855.000E-03,+33.935E-03
+860.000E-03,-12.861E-03
+865.000E-03,-59.344E-03
+870.000E-03,-105.669E-03
+875.000E-03,-150.738E-03
+880.000E-03,-195.022E-03
+885.000E-03,-239.306E-03
+890.000E-03,-283.590E-03
+895.000E-03,-327.874E-03
+900.000E-03,-373.571E-03
+905.000E-03,-416.442E-03
+910.000E-03,-460.725E-03
+915.000E-03,-502.497E-03
+920.000E-03,-544.268E-03
+925.000E-03,-588.552E-03
+930.000E-03,-630.323E-03
+935.000E-03,-672.095E-03
+940.000E-03,-711.354E-03
+945.000E-03,-753.125E-03
+950.000E-03,-794.896E-03
+955.000E-03,-836.668E-03
+960.000E-03,-876.712E-03
+965.000E-03,-917.698E-03
+970.000E-03,-956.957E-03
+975.000E-03,-998.728E-03
+980.000E-03,-1.037987E+00
+985.000E-03,-1.077246E+00
+990.000E-03,-1.113992E+00
+995.000E-03,-1.155763E+00
+1.000000E+00,-1.192509E+00
+1.005000E+00,-1.229256E+00
+1.010000E+00,-1.267415E+00
+1.015000E+00,-1.305261E+00
+1.020000E+00,-1.339494E+00
+1.025000E+00,-1.376241E+00
+1.030000E+00,-1.412987E+00
+1.035000E+00,-1.449733E+00
+1.040000E+00,-1.486479E+00
+1.045000E+00,-1.523225E+00
+1.050000E+00,-1.559972E+00
+1.055000E+00,-1.594205E+00
+1.060000E+00,-1.628439E+00
+1.065000E+00,-1.662673E+00
+1.070000E+00,-1.696906E+00
+1.075000E+00,-1.731140E+00
+1.080000E+00,-1.765374E+00
+1.085000E+00,-1.799607E+00
+1.090000E+00,-1.831328E+00
+1.095000E+00,-1.865562E+00
+1.100000E+00,-1.899639E+00
+1.105000E+00,-1.931517E+00
+1.110000E+00,-1.963238E+00
+1.115000E+00,-1.994959E+00
+1.120000E+00,-2.026680E+00
+1.125000E+00,-2.058401E+00
+1.130000E+00,-2.090279E+00
+1.135000E+00,-2.122472E+00
+1.140000E+00,-2.154664E+00
+1.145000E+00,-2.184344E+00
+1.150000E+00,-2.214494E+00
+1.155000E+00,-2.243703E+00
+1.160000E+00,-2.275424E+00
+1.165000E+00,-2.304633E+00
+1.170000E+00,-2.333841E+00
+1.175000E+00,-2.363050E+00
+1.180000E+00,-2.392258E+00
+1.185000E+00,-2.421781E+00
+1.190000E+00,-2.450675E+00
+1.195000E+00,-2.478627E+00
+1.200000E+00,-2.505795E+00
+1.205000E+00,-2.535474E+00
+1.210000E+00,-2.562641E+00
+1.215000E+00,-2.589808E+00
+1.220000E+00,-2.615876E+00
+1.225000E+00,-2.642572E+00
+1.230000E+00,-2.668797E+00
+1.235000E+00,-2.695964E+00
+1.240000E+00,-2.720619E+00
+1.245000E+00,-2.747786E+00
+1.250000E+00,-2.772440E+00
+1.255000E+00,-2.797723E+00
+1.260000E+00,-2.824262E+00
+1.265000E+00,-2.848916E+00
+1.270000E+00,-2.876084E+00
+1.275000E+00,-2.899482E+00
+1.280000E+00,-2.922880E+00
+1.285000E+00,-2.945022E+00
+1.290000E+00,-2.969519E+00
+1.295000E+00,-2.991818E+00
+1.300000E+00,-3.016473E+00
+1.305000E+00,-3.038615E+00
+1.310000E+00,-3.060757E+00
+1.315000E+00,-3.082899E+00
+1.320000E+00,-3.105041E+00
+1.325000E+00,-3.127183E+00
+1.330000E+00,-3.146812E+00
+1.335000E+00,-3.168954E+00
+1.340000E+00,-3.191096E+00
+1.345000E+00,-3.210725E+00
+1.350000E+00,-3.232082E+00
+1.355000E+00,-3.252497E+00
+1.360000E+00,-3.272126E+00
+1.365000E+00,-3.291756E+00
+1.370000E+00,-3.311385E+00
+1.375000E+00,-3.331014E+00
+1.380000E+00,-3.350644E+00
+1.385000E+00,-3.367761E+00
+1.390000E+00,-3.387390E+00
+1.395000E+00,-3.404507E+00
+1.400000E+00,-3.421624E+00
+1.405000E+00,-3.438741E+00
+1.410000E+00,-3.455857E+00
+1.415000E+00,-3.472974E+00
+1.420000E+00,-3.490091E+00
+1.425000E+00,-3.504695E+00
+1.430000E+00,-3.521812E+00
+1.435000E+00,-3.536416E+00
+1.440000E+00,-3.552748E+00
+1.445000E+00,-3.568138E+00
+1.450000E+00,-3.582899E+00
+1.455000E+00,-3.599859E+00
+1.460000E+00,-3.614463E+00
+1.465000E+00,-3.629067E+00
+1.470000E+00,-3.643671E+00
+1.475000E+00,-3.655763E+00
+1.480000E+00,-3.670367E+00
+1.485000E+00,-3.682459E+00
+1.490000E+00,-3.695964E+00
+1.495000E+00,-3.708527E+00
+1.500000E+00,-3.721247E+00
+1.505000E+00,-3.733339E+00
+1.510000E+00,-3.745430E+00
+1.515000E+00,-3.757522E+00
+1.520000E+00,-3.769614E+00
+1.525000E+00,-3.781705E+00
+1.530000E+00,-3.793797E+00
+1.535000E+00,-3.804004E+00
+1.540000E+00,-3.815468E+00
+1.545000E+00,-3.825047E+00
+1.550000E+00,-3.834626E+00
+1.555000E+00,-3.846718E+00
+1.560000E+00,-3.856297E+00
+1.565000E+00,-3.864306E+00
+1.570000E+00,-3.874356E+00
+1.575000E+00,-3.882522E+00
+1.580000E+00,-3.891944E+00
+1.585000E+00,-3.899482E+00
+1.590000E+00,-3.908747E+00
+1.595000E+00,-3.915813E+00
+1.600000E+00,-3.924607E+00
+1.605000E+00,-3.932145E+00
+1.610000E+00,-3.939526E+00
+1.615000E+00,-3.944708E+00
+1.620000E+00,-3.952246E+00
+1.625000E+00,-3.958213E+00
+1.630000E+00,-3.964808E+00
+1.635000E+00,-3.969833E+00
+1.640000E+00,-3.976900E+00
+1.645000E+00,-3.982396E+00
+1.650000E+00,-3.987421E+00
+1.655000E+00,-3.992447E+00
+1.660000E+00,-3.997472E+00
+1.665000E+00,-4.002497E+00
+1.670000E+00,-4.005009E+00
+1.675000E+00,-4.010034E+00
+1.680000E+00,-4.015060E+00
+1.685000E+00,-4.017572E+00
+1.690000E+00,-4.022597E+00
+1.695000E+00,-4.025110E+00
+1.700000E+00,-4.027622E+00
+1.705000E+00,-4.030135E+00
+1.710000E+00,-4.032648E+00
+1.715000E+00,-4.035160E+00
+1.720000E+00,-4.037673E+00
+1.725000E+00,-4.039243E+00
+1.730000E+00,-4.041284E+00
+1.735000E+00,-4.042698E+00
+1.740000E+00,-4.045210E+00
+1.745000E+00,-4.045210E+00
+1.750000E+00,-4.045210E+00
+1.755000E+00,-4.046467E+00
+1.760000E+00,-4.047723E+00
+1.765000E+00,-4.047723E+00
+1.770000E+00,-4.047723E+00
+1.775000E+00,-4.047723E+00
+1.780000E+00,-4.047723E+00
+1.785000E+00,-4.045210E+00
+1.790000E+00,-4.045210E+00
+1.795000E+00,-4.042698E+00
+1.800000E+00,-4.042698E+00
+1.805000E+00,-4.040185E+00
+1.810000E+00,-4.040185E+00
+1.815000E+00,-4.037673E+00
+1.820000E+00,-4.035160E+00
+1.825000E+00,-4.035160E+00
+1.830000E+00,-4.030920E+00
+1.835000E+00,-4.030135E+00
+1.840000E+00,-4.027622E+00
+1.845000E+00,-4.022597E+00
+1.850000E+00,-4.020085E+00
+1.855000E+00,-4.017572E+00
+1.860000E+00,-4.012547E+00
+1.865000E+00,-4.010034E+00
+1.870000E+00,-4.007051E+00
+1.875000E+00,-4.002497E+00
+1.880000E+00,-3.997472E+00
+1.885000E+00,-3.993389E+00
+1.890000E+00,-3.988835E+00
+1.895000E+00,-3.984281E+00
+1.900000E+00,-3.979727E+00
+1.905000E+00,-3.972660E+00
+1.910000E+00,-3.968106E+00
+1.915000E+00,-3.962296E+00
+1.920000E+00,-3.957271E+00
+1.925000E+00,-3.951931E+00
+1.930000E+00,-3.944865E+00
+1.935000E+00,-3.939683E+00
+1.940000E+00,-3.933244E+00
+1.945000E+00,-3.927120E+00
+1.950000E+00,-3.919582E+00
+1.955000E+00,-3.912045E+00
+1.960000E+00,-3.907019E+00
+1.965000E+00,-3.899482E+00
+1.970000E+00,-3.891944E+00
+1.975000E+00,-3.884406E+00
+1.980000E+00,-3.876869E+00
+1.985000E+00,-3.871844E+00
+1.990000E+00,-3.864306E+00
+1.995000E+00,-3.855512E+00
+2.000000E+00,-3.848445E+00
+2.005000E+00,-3.839180E+00
+2.010000E+00,-3.831800E+00
+2.015000E+00,-3.824105E+00
+2.020000E+00,-3.815154E+00
+2.025000E+00,-3.806517E+00
+2.030000E+00,-3.798508E+00
+2.035000E+00,-3.788929E+00
+2.040000E+00,-3.779350E+00
+2.045000E+00,-3.771341E+00
+2.050000E+00,-3.761291E+00
+2.055000E+00,-3.753125E+00
+2.060000E+00,-3.743703E+00
+2.065000E+00,-3.733967E+00
+2.070000E+00,-3.726115E+00
+2.075000E+00,-3.716065E+00
+2.080000E+00,-3.707742E+00
+2.085000E+00,-3.698163E+00
+2.090000E+00,-3.688426E+00
+2.095000E+00,-3.679004E+00
+2.100000E+00,-3.669425E+00
+2.105000E+00,-3.659846E+00
+2.110000E+00,-3.650267E+00
+2.115000E+00,-3.640688E+00
+2.120000E+00,-3.630638E+00
+2.125000E+00,-3.619017E+00
+2.130000E+00,-3.609438E+00
+2.135000E+00,-3.597974E+00
+2.140000E+00,-3.587767E+00
+2.145000E+00,-3.575675E+00
+2.150000E+00,-3.565311E+00
+2.155000E+00,-3.554004E+00
+2.160000E+00,-3.544425E+00
+2.165000E+00,-3.532648E+00
+2.170000E+00,-3.522754E+00
+2.175000E+00,-3.512547E+00
+2.180000E+00,-3.501083E+00
+2.185000E+00,-3.489934E+00
+2.190000E+00,-3.479413E+00
+2.195000E+00,-3.467321E+00
+2.200000E+00,-3.455229E+00
+2.205000E+00,-3.444708E+00
+2.210000E+00,-3.432145E+00
+2.215000E+00,-3.421467E+00
+2.220000E+00,-3.409532E+00
+2.225000E+00,-3.399482E+00
+2.230000E+00,-3.386919E+00
+2.235000E+00,-3.375612E+00
+2.240000E+00,-3.363521E+00
+2.245000E+00,-3.351429E+00
+2.250000E+00,-3.339337E+00
+2.255000E+00,-3.327246E+00
+2.260000E+00,-3.316567E+00
+2.265000E+00,-3.305575E+00
+2.270000E+00,-3.293483E+00
+2.275000E+00,-3.281391E+00
+2.280000E+00,-3.268828E+00
+2.285000E+00,-3.254695E+00
+2.290000E+00,-3.243703E+00
+2.295000E+00,-3.230512E+00
+2.300000E+00,-3.218577E+00
+2.305000E+00,-3.206328E+00
+2.310000E+00,-3.194237E+00
+2.315000E+00,-3.182145E+00
+2.320000E+00,-3.170053E+00
+2.325000E+00,-3.157962E+00
+2.330000E+00,-3.145870E+00
+2.335000E+00,-3.133778E+00
+2.340000E+00,-3.121687E+00
+2.345000E+00,-3.110537E+00
+2.350000E+00,-3.097974E+00
+2.355000E+00,-3.085411E+00
+2.360000E+00,-3.073320E+00
+2.365000E+00,-3.061228E+00
+2.370000E+00,-3.049136E+00
+2.375000E+00,-3.037045E+00
+2.380000E+00,-3.024953E+00
+2.385000E+00,-3.012861E+00
+2.390000E+00,-3.000769E+00
+2.395000E+00,-2.987421E+00
+2.400000E+00,-2.974859E+00
+2.405000E+00,-2.962296E+00
+2.410000E+00,-2.952246E+00
+2.415000E+00,-2.939683E+00
+2.420000E+00,-2.928219E+00
+2.425000E+00,-2.916127E+00
+2.430000E+00,-2.904036E+00
+2.435000E+00,-2.891944E+00
+2.440000E+00,-2.879852E+00
+2.445000E+00,-2.867761E+00
+2.450000E+00,-2.855669E+00
+2.455000E+00,-2.843577E+00
+2.460000E+00,-2.831486E+00
+2.465000E+00,-2.819394E+00
+2.470000E+00,-2.807302E+00
+2.475000E+00,-2.795210E+00
+2.480000E+00,-2.783119E+00
+2.485000E+00,-2.771027E+00
+2.490000E+00,-2.758935E+00
+2.495000E+00,-2.746844E+00
+2.500000E+00,-2.736165E+00
+2.505000E+00,-2.723602E+00
+2.510000E+00,-2.713081E+00
+2.515000E+00,-2.700989E+00
+2.520000E+00,-2.688898E+00
+2.525000E+00,-2.678376E+00
+2.530000E+00,-2.665813E+00
+2.535000E+00,-2.653251E+00
+2.540000E+00,-2.643043E+00
+2.545000E+00,-2.630952E+00
+2.550000E+00,-2.620587E+00
+2.555000E+00,-2.609281E+00
+2.560000E+00,-2.597974E+00
+2.565000E+00,-2.587610E+00
+2.570000E+00,-2.577874E+00
+2.575000E+00,-2.565939E+00
+2.580000E+00,-2.555261E+00
+2.585000E+00,-2.544268E+00
+2.590000E+00,-2.534689E+00
+2.595000E+00,-2.522597E+00
+2.600000E+00,-2.512547E+00
+2.605000E+00,-2.502497E+00
+2.610000E+00,-2.491347E+00
+2.615000E+00,-2.481768E+00
+2.620000E+00,-2.469834E+00
+2.625000E+00,-2.460097E+00
+2.630000E+00,-2.449733E+00
+2.635000E+00,-2.440939E+00
+2.640000E+00,-2.429633E+00
+2.645000E+00,-2.419582E+00
+2.650000E+00,-2.409689E+00
+2.655000E+00,-2.400110E+00
+2.660000E+00,-2.389431E+00
+2.665000E+00,-2.379381E+00
+2.670000E+00,-2.369331E+00
+2.675000E+00,-2.359281E+00
+2.680000E+00,-2.349702E+00
+2.685000E+00,-2.340122E+00
+2.690000E+00,-2.331643E+00
+2.695000E+00,-2.323477E+00
+2.700000E+00,-2.313898E+00
+2.705000E+00,-2.304004E+00
+2.710000E+00,-2.294739E+00
+2.715000E+00,-2.286416E+00
+2.720000E+00,-2.276366E+00
+2.725000E+00,-2.268514E+00
+2.730000E+00,-2.258935E+00
+2.735000E+00,-2.251241E+00
+2.740000E+00,-2.242290E+00
+2.745000E+00,-2.233653E+00
+2.750000E+00,-2.225644E+00
+2.755000E+00,-2.216065E+00
+2.760000E+00,-2.208527E+00
+2.765000E+00,-2.199419E+00
+2.770000E+00,-2.190939E+00
+2.775000E+00,-2.183401E+00
+2.780000E+00,-2.175864E+00
+2.785000E+00,-2.168326E+00
+2.790000E+00,-2.160788E+00
+2.795000E+00,-2.153251E+00
+2.800000E+00,-2.144928E+00
+2.805000E+00,-2.137861E+00
+2.810000E+00,-2.130638E+00
+2.815000E+00,-2.123100E+00
+2.820000E+00,-2.115562E+00
+2.825000E+00,-2.107082E+00
+2.830000E+00,-2.100487E+00
+2.835000E+00,-2.092949E+00
+2.840000E+00,-2.085411E+00
+2.845000E+00,-2.078816E+00
+2.850000E+00,-2.071749E+00
+2.855000E+00,-2.067195E+00
+2.860000E+00,-2.060129E+00
+2.865000E+00,-2.052748E+00
+2.870000E+00,-2.047723E+00
+2.875000E+00,-2.041442E+00
+2.880000E+00,-2.035160E+00
+2.885000E+00,-2.027622E+00
+2.890000E+00,-2.022597E+00
+2.895000E+00,-2.017572E+00
+2.900000E+00,-2.010035E+00
+2.905000E+00,-2.005009E+00
+2.910000E+00,-1.999513E+00
+2.915000E+00,-1.992447E+00
+2.920000E+00,-1.987421E+00
+2.925000E+00,-1.983339E+00
+2.930000E+00,-1.977371E+00
+2.935000E+00,-1.972346E+00
+2.940000E+00,-1.967321E+00
+2.945000E+00,-1.962610E+00
+2.950000E+00,-1.957271E+00
+2.955000E+00,-1.953502E+00
+2.960000E+00,-1.949733E+00
+2.965000E+00,-1.944708E+00
+2.970000E+00,-1.939840E+00
+2.975000E+00,-1.937170E+00
+2.980000E+00,-1.932145E+00
+2.985000E+00,-1.928690E+00
+2.990000E+00,-1.924607E+00
+2.995000E+00,-1.919582E+00
+3.000000E+00,-1.915028E+00
+3.005000E+00,-1.912045E+00
+3.010000E+00,-1.909532E+00
+3.015000E+00,-1.904507E+00
+3.020000E+00,-1.901994E+00
+3.025000E+00,-1.896969E+00
+3.030000E+00,-1.894457E+00
+3.035000E+00,-1.891944E+00
+3.040000E+00,-1.889432E+00
+3.045000E+00,-1.886605E+00
+3.050000E+00,-1.881894E+00
+3.055000E+00,-1.879381E+00
+3.060000E+00,-1.876869E+00
+3.065000E+00,-1.874356E+00
+3.070000E+00,-1.871844E+00
+3.075000E+00,-1.869331E+00
+3.080000E+00,-1.866818E+00
+3.085000E+00,-1.865248E+00
+3.090000E+00,-1.864306E+00
+3.095000E+00,-1.861793E+00
+3.100000E+00,-1.859281E+00
+3.105000E+00,-1.859281E+00
+3.110000E+00,-1.856768E+00
+3.115000E+00,-1.854256E+00
+3.120000E+00,-1.853470E+00
+3.125000E+00,-1.851743E+00
+3.130000E+00,-1.851743E+00
+3.135000E+00,-1.849230E+00
+3.140000E+00,-1.849230E+00
+3.145000E+00,-1.846718E+00
+3.150000E+00,-1.846718E+00
+3.155000E+00,-1.844205E+00
+3.160000E+00,-1.844205E+00
+3.165000E+00,-1.844205E+00
+3.170000E+00,-1.841693E+00
+3.175000E+00,-1.841693E+00
+3.180000E+00,-1.841693E+00
+3.185000E+00,-1.839494E+00
+3.190000E+00,-1.839965E+00
+3.195000E+00,-1.839180E+00
+3.200000E+00,-1.839180E+00
+3.205000E+00,-1.839180E+00
+3.210000E+00,-1.839180E+00
+3.215000E+00,-1.839180E+00
+3.220000E+00,-1.839180E+00
+3.225000E+00,-1.839180E+00
+3.230000E+00,-1.839180E+00
+3.235000E+00,-1.839180E+00
+3.240000E+00,-1.841222E+00
+3.245000E+00,-1.841693E+00
+3.250000E+00,-1.839180E+00
+3.255000E+00,-1.841693E+00
+3.260000E+00,-1.841693E+00
+3.265000E+00,-1.841693E+00
+3.270000E+00,-1.844205E+00
+3.275000E+00,-1.844205E+00
+3.280000E+00,-1.845933E+00
+3.285000E+00,-1.846718E+00
+3.290000E+00,-1.846718E+00
+3.295000E+00,-1.849230E+00
+3.300000E+00,-1.849230E+00
+3.305000E+00,-1.851743E+00
+3.310000E+00,-1.851743E+00
+3.315000E+00,-1.854256E+00
+3.320000E+00,-1.854256E+00
+3.325000E+00,-1.856768E+00
+3.330000E+00,-1.859281E+00
+3.335000E+00,-1.861793E+00
+3.340000E+00,-1.864306E+00
+3.345000E+00,-1.864306E+00
+3.350000E+00,-1.866818E+00
+3.355000E+00,-1.869331E+00
+3.360000E+00,-1.871844E+00
+3.365000E+00,-1.871844E+00
+3.370000E+00,-1.874356E+00
+3.375000E+00,-1.876869E+00
+3.380000E+00,-1.879381E+00
+3.385000E+00,-1.881894E+00
+3.390000E+00,-1.884406E+00
+3.395000E+00,-1.886919E+00
+3.400000E+00,-1.889432E+00
+3.405000E+00,-1.891944E+00
+3.410000E+00,-1.894457E+00
+3.415000E+00,-1.896969E+00
+3.420000E+00,-1.899482E+00
+3.425000E+00,-1.901994E+00
+3.430000E+00,-1.904507E+00
+3.435000E+00,-1.907019E+00
+3.440000E+00,-1.910317E+00
+3.445000E+00,-1.914557E+00
+3.450000E+00,-1.917070E+00
+3.455000E+00,-1.919582E+00
+3.460000E+00,-1.922095E+00
+3.465000E+00,-1.925550E+00
+3.470000E+00,-1.929633E+00
+3.475000E+00,-1.932145E+00
+3.480000E+00,-1.936699E+00
+3.485000E+00,-1.939683E+00
+3.490000E+00,-1.942195E+00
+3.495000E+00,-1.945336E+00
+3.500000E+00,-1.949733E+00
+3.505000E+00,-1.954444E+00
+3.510000E+00,-1.957271E+00
+3.515000E+00,-1.961040E+00
+3.520000E+00,-1.964808E+00
+3.525000E+00,-1.967635E+00
+3.530000E+00,-1.972189E+00
+3.535000E+00,-1.974859E+00
+3.540000E+00,-1.979884E+00
+3.545000E+00,-1.982396E+00
+3.550000E+00,-1.987421E+00
+3.555000E+00,-1.989934E+00
+3.560000E+00,-1.994959E+00
+3.565000E+00,-1.997472E+00
+3.570000E+00,-2.002497E+00
+3.575000E+00,-2.005638E+00
+3.580000E+00,-2.010035E+00
+3.585000E+00,-2.014746E+00
+3.590000E+00,-2.017572E+00
+3.595000E+00,-2.022597E+00
+3.600000E+00,-2.025895E+00
+3.605000E+00,-2.030449E+00
+3.610000E+00,-2.035160E+00
+3.615000E+00,-2.039557E+00
+3.620000E+00,-2.042698E+00
+3.625000E+00,-2.047723E+00
+3.630000E+00,-2.050707E+00
+3.635000E+00,-2.055261E+00
+3.640000E+00,-2.060286E+00
+3.645000E+00,-2.065311E+00
+3.650000E+00,-2.070336E+00
+3.655000E+00,-2.075361E+00
+3.660000E+00,-2.078031E+00
+3.665000E+00,-2.082899E+00
+3.670000E+00,-2.087924E+00
+3.675000E+00,-2.092949E+00
+3.680000E+00,-2.095462E+00
+3.685000E+00,-2.100487E+00
+3.690000E+00,-2.105512E+00
+3.695000E+00,-2.110537E+00
+3.700000E+00,-2.115562E+00
+3.705000E+00,-2.120587E+00
+3.710000E+00,-2.123100E+00
+3.715000E+00,-2.128125E+00
+3.720000E+00,-2.133150E+00
+3.725000E+00,-2.138175E+00
+3.730000E+00,-2.141787E+00
+3.735000E+00,-2.146341E+00
+3.740000E+00,-2.150895E+00
+3.745000E+00,-2.155763E+00
+3.750000E+00,-2.160788E+00
+3.755000E+00,-2.164557E+00
+3.760000E+00,-2.168326E+00
+3.765000E+00,-2.173351E+00
+3.770000E+00,-2.178376E+00
+3.775000E+00,-2.183401E+00
+3.780000E+00,-2.187327E+00
+3.785000E+00,-2.190939E+00
+3.790000E+00,-2.195964E+00
+3.795000E+00,-2.200989E+00
+3.800000E+00,-2.205543E+00
+3.805000E+00,-2.210097E+00
+3.810000E+00,-2.214651E+00
+3.815000E+00,-2.219205E+00
+3.820000E+00,-2.223602E+00
+3.825000E+00,-2.228627E+00
+3.830000E+00,-2.233653E+00
+3.835000E+00,-2.238678E+00
+3.840000E+00,-2.243703E+00
+3.845000E+00,-2.246529E+00
+3.850000E+00,-2.251241E+00
+3.855000E+00,-2.256266E+00
+3.860000E+00,-2.261291E+00
+3.865000E+00,-2.264746E+00
+3.870000E+00,-2.269300E+00
+3.875000E+00,-2.273854E+00
+3.880000E+00,-2.278879E+00
+3.885000E+00,-2.283904E+00
+3.890000E+00,-2.288929E+00
+3.895000E+00,-2.293954E+00
+3.900000E+00,-2.296467E+00
+3.905000E+00,-2.301492E+00
+3.910000E+00,-2.306517E+00
+3.915000E+00,-2.311542E+00
+3.920000E+00,-2.316567E+00
+3.925000E+00,-2.319394E+00
+3.930000E+00,-2.324105E+00
+3.935000E+00,-2.329130E+00
+3.940000E+00,-2.334155E+00
+3.945000E+00,-2.337610E+00
+3.950000E+00,-2.341693E+00
+3.955000E+00,-2.346718E+00
+3.960000E+00,-2.351743E+00
+3.965000E+00,-2.356768E+00
+3.970000E+00,-2.360380E+00
+3.975000E+00,-2.364934E+00
+3.980000E+00,-2.369331E+00
+3.985000E+00,-2.374356E+00
+3.990000E+00,-2.376869E+00
+3.995000E+00,-2.381894E+00
+4.000000E+00,-2.386919E+00
+4.005000E+00,-2.389746E+00
+4.010000E+00,-2.394457E+00
+4.015000E+00,-2.399482E+00
+4.020000E+00,-2.404507E+00
+4.025000E+00,-2.407019E+00
+4.030000E+00,-2.412045E+00
+4.035000E+00,-2.414557E+00
+4.040000E+00,-2.419582E+00
+4.045000E+00,-2.423665E+00
+4.050000E+00,-2.427120E+00
+4.055000E+00,-2.432145E+00
+4.060000E+00,-2.437170E+00
+4.065000E+00,-2.439683E+00
+4.070000E+00,-2.444708E+00
+4.075000E+00,-2.447220E+00
+4.080000E+00,-2.452246E+00
+4.085000E+00,-2.455072E+00
+4.090000E+00,-2.459783E+00
+4.095000E+00,-2.462296E+00
+4.100000E+00,-2.467321E+00
+4.105000E+00,-2.470776E+00
+4.110000E+00,-2.474859E+00
+4.115000E+00,-2.477371E+00
+4.120000E+00,-2.482396E+00
+4.125000E+00,-2.484909E+00
+4.130000E+00,-2.489934E+00
+4.135000E+00,-2.492447E+00
+4.140000E+00,-2.495116E+00
+4.145000E+00,-2.499670E+00
+4.150000E+00,-2.502497E+00
+4.155000E+00,-2.506266E+00
+4.160000E+00,-2.510035E+00
+4.165000E+00,-2.512547E+00
+4.170000E+00,-2.517415E+00
+4.175000E+00,-2.520085E+00
+4.180000E+00,-2.522597E+00
+4.185000E+00,-2.527622E+00
+4.190000E+00,-2.530135E+00
+4.195000E+00,-2.532648E+00
+4.200000E+00,-2.535160E+00
+4.205000E+00,-2.540185E+00
+4.210000E+00,-2.542698E+00
+4.215000E+00,-2.545210E+00
+4.220000E+00,-2.550236E+00
+4.225000E+00,-2.552748E+00
+4.230000E+00,-2.555261E+00
+4.235000E+00,-2.557773E+00
+4.240000E+00,-2.560286E+00
+4.245000E+00,-2.562798E+00
+4.250000E+00,-2.567666E+00
+4.255000E+00,-2.570336E+00
+4.260000E+00,-2.572849E+00
+4.265000E+00,-2.575361E+00
+4.270000E+00,-2.577874E+00
+4.275000E+00,-2.580386E+00
+4.280000E+00,-2.582899E+00
+4.285000E+00,-2.585411E+00
+4.290000E+00,-2.587924E+00
+4.295000E+00,-2.590437E+00
+4.300000E+00,-2.592949E+00
+4.305000E+00,-2.595462E+00
+4.310000E+00,-2.597974E+00
+4.315000E+00,-2.600487E+00
+4.320000E+00,-2.602999E+00
+4.325000E+00,-2.605512E+00
+4.330000E+00,-2.608024E+00
+4.335000E+00,-2.608653E+00
+4.340000E+00,-2.611950E+00
+4.345000E+00,-2.613050E+00
+4.350000E+00,-2.615562E+00
+4.355000E+00,-2.618075E+00
+4.360000E+00,-2.620587E+00
+4.365000E+00,-2.623100E+00
+4.370000E+00,-2.623100E+00
+4.375000E+00,-2.625612E+00
+4.380000E+00,-2.628125E+00
+4.385000E+00,-2.630638E+00
+4.390000E+00,-2.630638E+00
+4.395000E+00,-2.633150E+00
+4.400000E+00,-2.635663E+00
+4.405000E+00,-2.638175E+00
+4.410000E+00,-2.638175E+00
+4.415000E+00,-2.640688E+00
+4.420000E+00,-2.642101E+00
+4.425000E+00,-2.643200E+00
+4.430000E+00,-2.645713E+00
+4.435000E+00,-2.645713E+00
+4.440000E+00,-2.648225E+00
+4.445000E+00,-2.650738E+00
+4.450000E+00,-2.650738E+00
+4.455000E+00,-2.653251E+00
+4.460000E+00,-2.653408E+00
+4.465000E+00,-2.655763E+00
+4.470000E+00,-2.655763E+00
+4.475000E+00,-2.658276E+00
+4.480000E+00,-2.658276E+00
+4.485000E+00,-2.660788E+00
+4.490000E+00,-2.660788E+00
+4.495000E+00,-2.663301E+00
+4.500000E+00,-2.663301E+00
+4.505000E+00,-2.665813E+00
+4.510000E+00,-2.665813E+00
+4.515000E+00,-2.665813E+00
+4.520000E+00,-2.668326E+00
+4.525000E+00,-2.668326E+00
+4.530000E+00,-2.668326E+00
+4.535000E+00,-2.670839E+00
+4.540000E+00,-2.670839E+00
+4.545000E+00,-2.670839E+00
+4.550000E+00,-2.673351E+00
+4.555000E+00,-2.673351E+00
+4.560000E+00,-2.673351E+00
+4.565000E+00,-2.673351E+00
+4.570000E+00,-2.675864E+00
+4.575000E+00,-2.675864E+00
+4.580000E+00,-2.675864E+00
+4.585000E+00,-2.675864E+00
+4.590000E+00,-2.678376E+00
+4.595000E+00,-2.678376E+00
+4.600000E+00,-2.678376E+00
+4.605000E+00,-2.678376E+00
+4.610000E+00,-2.678376E+00
+4.615000E+00,-2.678376E+00
+4.620000E+00,-2.678376E+00
+4.625000E+00,-2.678376E+00
+4.630000E+00,-2.680889E+00
+4.635000E+00,-2.680889E+00
+4.640000E+00,-2.680889E+00
+4.645000E+00,-2.680889E+00
+4.650000E+00,-2.680889E+00
+4.655000E+00,-2.680889E+00
+4.660000E+00,-2.680889E+00
+4.665000E+00,-2.680889E+00
+4.670000E+00,-2.680889E+00
+4.675000E+00,-2.680889E+00
+4.680000E+00,-2.680889E+00
+4.685000E+00,-2.680889E+00
+4.690000E+00,-2.680889E+00
+4.695000E+00,-2.680889E+00
+4.700000E+00,-2.680889E+00
+4.705000E+00,-2.680889E+00
+4.710000E+00,-2.680889E+00
+4.715000E+00,-2.680889E+00
+4.720000E+00,-2.680889E+00
+4.725000E+00,-2.680889E+00
+4.730000E+00,-2.680889E+00
+4.735000E+00,-2.678376E+00
+4.740000E+00,-2.678376E+00
+4.745000E+00,-2.678376E+00
+4.750000E+00,-2.678376E+00
+4.755000E+00,-2.678376E+00
+4.760000E+00,-2.678376E+00
+4.765000E+00,-2.675864E+00
+4.770000E+00,-2.675864E+00
+4.775000E+00,-2.675864E+00
+4.780000E+00,-2.675864E+00
+4.785000E+00,-2.675550E+00
+4.790000E+00,-2.673351E+00
+4.795000E+00,-2.673351E+00
+4.800000E+00,-2.672566E+00
+4.805000E+00,-2.673037E+00
+4.810000E+00,-2.670839E+00
+4.815000E+00,-2.670839E+00
+4.820000E+00,-2.668326E+00
+4.825000E+00,-2.668326E+00
+4.830000E+00,-2.668326E+00
+4.835000E+00,-2.665813E+00
+4.840000E+00,-2.665813E+00
+4.845000E+00,-2.664243E+00
+4.850000E+00,-2.663301E+00
+4.855000E+00,-2.663301E+00
+4.860000E+00,-2.660788E+00
+4.865000E+00,-2.660788E+00
+4.870000E+00,-2.660788E+00
+4.875000E+00,-2.658276E+00
+4.880000E+00,-2.658276E+00
+4.885000E+00,-2.655763E+00
+4.890000E+00,-2.655763E+00
+4.895000E+00,-2.653879E+00
+4.900000E+00,-2.653251E+00
+4.905000E+00,-2.653251E+00
+4.910000E+00,-2.650738E+00
+4.915000E+00,-2.650738E+00
+4.920000E+00,-2.648697E+00
+4.925000E+00,-2.648225E+00
+4.930000E+00,-2.645713E+00
+4.935000E+00,-2.645713E+00
+4.940000E+00,-2.643200E+00
+4.945000E+00,-2.643200E+00
+4.950000E+00,-2.641473E+00
+4.955000E+00,-2.640688E+00
+4.960000E+00,-2.640688E+00
+4.965000E+00,-2.638175E+00
+4.970000E+00,-2.638175E+00
+4.975000E+00,-2.635663E+00
+4.980000E+00,-2.635663E+00
+4.985000E+00,-2.633150E+00
+4.990000E+00,-2.632679E+00
+4.995000E+00,-2.630638E+00
+5.000000E+00,-2.628125E+00
+5.005000E+00,-2.628125E+00
+5.010000E+00,-2.625612E+00
+5.015000E+00,-2.625612E+00
+5.020000E+00,-2.623100E+00
+5.025000E+00,-2.620901E+00
+5.030000E+00,-2.620587E+00
+5.035000E+00,-2.618075E+00
+5.040000E+00,-2.617290E+00
+5.045000E+00,-2.615562E+00
+5.050000E+00,-2.615562E+00
+5.055000E+00,-2.613050E+00
+5.060000E+00,-2.610537E+00
+5.065000E+00,-2.609595E+00
+5.070000E+00,-2.608024E+00
+5.075000E+00,-2.608024E+00
+5.080000E+00,-2.605512E+00
+5.085000E+00,-2.602999E+00
+5.090000E+00,-2.601900E+00
+5.095000E+00,-2.600487E+00
+5.100000E+00,-2.597974E+00
+5.105000E+00,-2.597974E+00
+5.110000E+00,-2.595462E+00
+5.115000E+00,-2.595462E+00
+5.120000E+00,-2.592949E+00
+5.125000E+00,-2.592635E+00
+5.130000E+00,-2.590437E+00
+5.135000E+00,-2.587924E+00
+5.140000E+00,-2.586825E+00
+5.145000E+00,-2.585411E+00
+5.150000E+00,-2.582899E+00
+5.155000E+00,-2.582899E+00
+5.160000E+00,-2.580386E+00
+5.165000E+00,-2.577874E+00
+5.170000E+00,-2.576774E+00
+5.175000E+00,-2.575361E+00
+5.180000E+00,-2.572849E+00
+5.185000E+00,-2.570650E+00
+5.190000E+00,-2.570336E+00
+5.195000E+00,-2.569080E+00
+5.200000E+00,-2.567823E+00
+5.205000E+00,-2.565311E+00
+5.210000E+00,-2.565311E+00
+5.215000E+00,-2.562798E+00
+5.220000E+00,-2.561385E+00
+5.225000E+00,-2.560286E+00
+5.230000E+00,-2.557773E+00
+5.235000E+00,-2.555261E+00
+5.240000E+00,-2.555261E+00
+5.245000E+00,-2.552748E+00
+5.250000E+00,-2.550236E+00
+5.255000E+00,-2.548351E+00
+5.260000E+00,-2.547723E+00
+5.265000E+00,-2.545210E+00
+5.270000E+00,-2.542698E+00
+5.275000E+00,-2.542698E+00
+5.280000E+00,-2.540185E+00
+5.285000E+00,-2.537673E+00
+5.290000E+00,-2.535160E+00
+5.295000E+00,-2.535160E+00
+5.300000E+00,-2.532648E+00
+5.305000E+00,-2.530135E+00
+5.310000E+00,-2.530135E+00
+5.315000E+00,-2.527622E+00
+5.320000E+00,-2.525110E+00
+5.325000E+00,-2.522597E+00
+5.330000E+00,-2.522597E+00
+5.335000E+00,-2.520085E+00
+5.340000E+00,-2.517729E+00
+5.345000E+00,-2.517572E+00
+5.350000E+00,-2.515060E+00
+5.355000E+00,-2.512547E+00
+5.360000E+00,-2.512547E+00
+5.365000E+00,-2.510035E+00
+5.370000E+00,-2.510035E+00
+5.375000E+00,-2.507522E+00
+5.380000E+00,-2.505009E+00
+5.385000E+00,-2.505009E+00
+5.390000E+00,-2.502497E+00
+5.395000E+00,-2.499984E+00
+5.400000E+00,-2.497943E+00
+5.405000E+00,-2.497472E+00
+5.410000E+00,-2.494959E+00
+5.415000E+00,-2.494959E+00
+5.420000E+00,-2.492447E+00
+5.425000E+00,-2.492447E+00
+5.430000E+00,-2.489934E+00
+5.435000E+00,-2.487421E+00
+5.440000E+00,-2.487421E+00
+5.445000E+00,-2.484909E+00
+5.450000E+00,-2.482553E+00
+5.455000E+00,-2.482396E+00
+5.460000E+00,-2.479884E+00
+5.465000E+00,-2.479884E+00
+5.470000E+00,-2.479413E+00
+5.475000E+00,-2.477371E+00
+5.480000E+00,-2.474859E+00
+5.485000E+00,-2.474859E+00
+5.490000E+00,-2.472346E+00
+5.495000E+00,-2.469834E+00
+5.500000E+00,-2.469834E+00
+5.505000E+00,-2.467321E+00
+5.510000E+00,-2.467321E+00
+5.515000E+00,-2.464808E+00
+5.520000E+00,-2.464808E+00
+5.525000E+00,-2.462296E+00
+5.530000E+00,-2.462296E+00
+5.535000E+00,-2.459783E+00
+5.540000E+00,-2.457271E+00
+5.545000E+00,-2.457271E+00
+5.550000E+00,-2.454758E+00
+5.555000E+00,-2.454758E+00
+5.560000E+00,-2.454758E+00
+5.565000E+00,-2.452246E+00
+5.570000E+00,-2.452246E+00
+5.575000E+00,-2.449733E+00
+5.580000E+00,-2.447220E+00
+5.585000E+00,-2.447220E+00
+5.590000E+00,-2.444708E+00
+5.595000E+00,-2.444708E+00
+5.600000E+00,-2.442195E+00
+5.605000E+00,-2.442195E+00
+5.610000E+00,-2.439683E+00
+5.615000E+00,-2.439683E+00
+5.620000E+00,-2.438269E+00
+5.625000E+00,-2.437170E+00
+5.630000E+00,-2.437170E+00
+5.635000E+00,-2.434658E+00
+5.640000E+00,-2.434658E+00
+5.645000E+00,-2.432145E+00
+5.650000E+00,-2.432145E+00
+5.655000E+00,-2.431517E+00
+5.660000E+00,-2.429633E+00
+5.665000E+00,-2.429633E+00
+5.670000E+00,-2.427905E+00
+5.675000E+00,-2.427120E+00
+5.680000E+00,-2.427120E+00
+5.685000E+00,-2.424607E+00
+5.690000E+00,-2.424607E+00
+5.695000E+00,-2.424607E+00
+5.700000E+00,-2.423194E+00
+5.705000E+00,-2.422095E+00
+5.710000E+00,-2.422095E+00
+5.715000E+00,-2.419582E+00
+5.720000E+00,-2.419582E+00
+5.725000E+00,-2.417070E+00
+5.730000E+00,-2.417070E+00
+5.735000E+00,-2.417070E+00
+5.740000E+00,-2.416913E+00
+5.745000E+00,-2.414557E+00
+5.750000E+00,-2.414557E+00
+5.755000E+00,-2.412045E+00
+5.760000E+00,-2.412045E+00
+5.765000E+00,-2.412045E+00
+5.770000E+00,-2.409689E+00
+5.775000E+00,-2.409532E+00
+5.780000E+00,-2.409532E+00
+5.785000E+00,-2.407019E+00
+5.790000E+00,-2.407019E+00
+5.795000E+00,-2.407019E+00
+5.800000E+00,-2.404978E+00
+5.805000E+00,-2.406077E+00
+5.810000E+00,-2.404507E+00
+5.815000E+00,-2.404507E+00
+5.820000E+00,-2.404507E+00
+5.825000E+00,-2.401994E+00
+5.830000E+00,-2.401994E+00
+5.835000E+00,-2.401994E+00
+5.840000E+00,-2.399482E+00
+5.845000E+00,-2.399482E+00
+5.850000E+00,-2.399482E+00
+5.855000E+00,-2.399482E+00
+5.860000E+00,-2.399482E+00
+5.865000E+00,-2.399482E+00
+5.870000E+00,-2.396969E+00
+5.875000E+00,-2.396969E+00
+5.880000E+00,-2.396969E+00
+5.885000E+00,-2.396969E+00
+5.890000E+00,-2.395870E+00
+5.895000E+00,-2.394457E+00
+5.900000E+00,-2.394457E+00
+5.905000E+00,-2.394457E+00
+5.910000E+00,-2.394457E+00
+5.915000E+00,-2.394457E+00
+5.920000E+00,-2.393671E+00
+5.925000E+00,-2.392258E+00
+5.930000E+00,-2.391944E+00
+5.935000E+00,-2.391944E+00
+5.940000E+00,-2.391944E+00
+5.945000E+00,-2.391944E+00
+5.950000E+00,-2.391944E+00
+5.955000E+00,-2.391944E+00
+5.960000E+00,-2.391944E+00
+5.965000E+00,-2.391002E+00
+5.970000E+00,-2.389431E+00
+5.975000E+00,-2.389431E+00
+5.980000E+00,-2.389431E+00
+5.985000E+00,-2.389431E+00
+5.990000E+00,-2.389431E+00
+5.995000E+00,-2.389431E+00
+6.000000E+00,-2.389431E+00
+6.005000E+00,-2.389431E+00
+6.010000E+00,-2.389431E+00
+6.015000E+00,-2.389431E+00
+6.020000E+00,-2.389431E+00
+6.025000E+00,-2.388489E+00
+6.030000E+00,-2.386919E+00
+6.035000E+00,-2.386919E+00
+6.040000E+00,-2.386919E+00
+6.045000E+00,-2.386919E+00
+6.050000E+00,-2.386919E+00
+6.055000E+00,-2.386919E+00
+6.060000E+00,-2.386919E+00
+6.065000E+00,-2.386919E+00
+6.070000E+00,-2.386919E+00
+6.075000E+00,-2.386919E+00
+6.080000E+00,-2.386919E+00
+6.085000E+00,-2.386919E+00
+6.090000E+00,-2.384406E+00
+6.095000E+00,-2.384406E+00
+6.100000E+00,-2.385820E+00
+6.105000E+00,-2.384406E+00
+6.110000E+00,-2.384877E+00
+6.115000E+00,-2.384406E+00
+6.120000E+00,-2.384406E+00
+6.125000E+00,-2.384406E+00
+6.130000E+00,-2.384406E+00
+6.135000E+00,-2.384406E+00
+6.140000E+00,-2.384406E+00
+6.145000E+00,-2.384406E+00
+6.150000E+00,-2.386134E+00
+6.155000E+00,-2.384406E+00
+6.160000E+00,-2.384406E+00
+6.165000E+00,-2.384406E+00
+6.170000E+00,-2.384563E+00
+6.175000E+00,-2.386919E+00
+6.180000E+00,-2.386919E+00
+6.185000E+00,-2.386919E+00
+6.190000E+00,-2.386919E+00
+6.195000E+00,-2.386919E+00
+6.200000E+00,-2.386919E+00
+6.205000E+00,-2.386919E+00
+6.210000E+00,-2.386919E+00
+6.215000E+00,-2.386919E+00
+6.220000E+00,-2.386919E+00
+6.225000E+00,-2.386919E+00
+6.230000E+00,-2.386919E+00
+6.235000E+00,-2.389431E+00
+6.240000E+00,-2.389431E+00
+6.245000E+00,-2.389431E+00
+6.250000E+00,-2.389431E+00
+6.255000E+00,-2.389431E+00
+6.260000E+00,-2.390845E+00
+6.265000E+00,-2.390374E+00
+6.270000E+00,-2.391944E+00
+6.275000E+00,-2.391944E+00
+6.280000E+00,-2.391944E+00
+6.285000E+00,-2.391944E+00
+6.290000E+00,-2.394457E+00
+6.295000E+00,-2.394457E+00
+6.300000E+00,-2.394457E+00
+6.305000E+00,-2.394457E+00
+6.310000E+00,-2.394457E+00
+6.315000E+00,-2.394457E+00
+6.320000E+00,-2.394457E+00
+6.325000E+00,-2.394457E+00
+6.330000E+00,-2.394457E+00
+6.335000E+00,-2.394457E+00
+6.340000E+00,-2.396969E+00
+6.345000E+00,-2.396969E+00
+6.350000E+00,-2.396969E+00
+6.355000E+00,-2.396969E+00
+6.360000E+00,-2.396969E+00
+6.365000E+00,-2.396969E+00
+6.370000E+00,-2.398068E+00
+6.375000E+00,-2.397597E+00
+6.380000E+00,-2.399482E+00
+6.385000E+00,-2.397283E+00
+6.390000E+00,-2.399482E+00
+6.395000E+00,-2.399482E+00
+6.400000E+00,-2.399482E+00
+6.405000E+00,-2.399482E+00
+6.410000E+00,-2.399482E+00
+6.415000E+00,-2.401994E+00
+6.420000E+00,-2.401994E+00
+6.425000E+00,-2.401994E+00
+6.430000E+00,-2.401994E+00
+6.435000E+00,-2.401994E+00
+6.440000E+00,-2.404036E+00
+6.445000E+00,-2.404507E+00
+6.450000E+00,-2.404507E+00
+6.455000E+00,-2.404507E+00
+6.460000E+00,-2.407019E+00
+6.465000E+00,-2.407019E+00
+6.470000E+00,-2.407019E+00
+6.475000E+00,-2.407019E+00
+6.480000E+00,-2.407019E+00
+6.485000E+00,-2.409532E+00
+6.490000E+00,-2.409532E+00
+6.495000E+00,-2.409532E+00
+6.500000E+00,-2.412045E+00
+6.505000E+00,-2.412045E+00
+6.510000E+00,-2.412045E+00
+6.515000E+00,-2.412045E+00
+6.520000E+00,-2.412045E+00
+6.525000E+00,-2.414557E+00
+6.530000E+00,-2.414557E+00
+6.535000E+00,-2.414557E+00
+6.540000E+00,-2.417070E+00
+6.545000E+00,-2.417070E+00
+6.550000E+00,-2.417855E+00
+6.555000E+00,-2.418326E+00
+6.560000E+00,-2.419582E+00
+6.565000E+00,-2.419582E+00
+6.570000E+00,-2.421938E+00
+6.575000E+00,-2.422095E+00
+6.580000E+00,-2.422095E+00
+6.585000E+00,-2.422095E+00
+6.590000E+00,-2.424607E+00
+6.595000E+00,-2.424607E+00
+6.600000E+00,-2.424607E+00
+6.605000E+00,-2.427120E+00
+6.610000E+00,-2.427120E+00
+6.615000E+00,-2.427120E+00
+6.620000E+00,-2.429475E+00
+6.625000E+00,-2.429633E+00
+6.630000E+00,-2.429633E+00
+6.635000E+00,-2.432145E+00
+6.640000E+00,-2.432145E+00
+6.645000E+00,-2.432145E+00
+6.650000E+00,-2.434501E+00
+6.655000E+00,-2.434658E+00
+6.660000E+00,-2.434658E+00
+6.665000E+00,-2.434658E+00
+6.670000E+00,-2.435129E+00
+6.675000E+00,-2.437170E+00
+6.680000E+00,-2.437170E+00
+6.685000E+00,-2.437170E+00
+6.690000E+00,-2.439683E+00
+6.695000E+00,-2.439683E+00
+6.700000E+00,-2.442195E+00
+6.705000E+00,-2.442195E+00
+6.710000E+00,-2.442195E+00
+6.715000E+00,-2.444708E+00
+6.720000E+00,-2.444708E+00
+6.725000E+00,-2.447220E+00
+6.730000E+00,-2.447220E+00
+6.735000E+00,-2.447220E+00
+6.740000E+00,-2.449733E+00
+6.745000E+00,-2.449733E+00
+6.750000E+00,-2.452246E+00
+6.755000E+00,-2.452246E+00
+6.760000E+00,-2.452246E+00
+6.765000E+00,-2.454758E+00
+6.770000E+00,-2.454758E+00
+6.775000E+00,-2.454758E+00
+6.780000E+00,-2.457271E+00
+6.785000E+00,-2.457271E+00
+6.790000E+00,-2.459783E+00
+6.795000E+00,-2.459783E+00
+6.800000E+00,-2.461511E+00
+6.805000E+00,-2.462296E+00
+6.810000E+00,-2.462296E+00
+6.815000E+00,-2.464808E+00
+6.820000E+00,-2.464808E+00
+6.825000E+00,-2.467321E+00
+6.830000E+00,-2.467321E+00
+6.835000E+00,-2.467321E+00
+6.840000E+00,-2.469834E+00
+6.845000E+00,-2.469834E+00
+6.850000E+00,-2.472346E+00
+6.855000E+00,-2.472346E+00
+6.860000E+00,-2.474859E+00
+6.865000E+00,-2.474859E+00
+6.870000E+00,-2.474859E+00
+6.875000E+00,-2.476115E+00
+6.880000E+00,-2.477371E+00
+6.885000E+00,-2.477371E+00
+6.890000E+00,-2.479884E+00
+6.895000E+00,-2.479884E+00
+6.900000E+00,-2.482396E+00
+6.905000E+00,-2.482396E+00
+6.910000E+00,-2.482396E+00
+6.915000E+00,-2.484909E+00
+6.920000E+00,-2.484909E+00
+6.925000E+00,-2.484909E+00
+6.930000E+00,-2.487421E+00
+6.935000E+00,-2.487421E+00
+6.940000E+00,-2.489934E+00
+6.945000E+00,-2.489934E+00
+6.950000E+00,-2.492447E+00
+6.955000E+00,-2.492447E+00
+6.960000E+00,-2.494174E+00
+6.965000E+00,-2.494959E+00
+6.970000E+00,-2.494959E+00
+6.975000E+00,-2.497472E+00
+6.980000E+00,-2.497472E+00
+6.985000E+00,-2.499984E+00
+6.990000E+00,-2.499984E+00
+6.995000E+00,-2.502497E+00
+7.000000E+00,-2.502497E+00
+7.005000E+00,-2.502497E+00
+7.010000E+00,-2.505009E+00
+7.015000E+00,-2.505009E+00
+7.020000E+00,-2.507522E+00
+7.025000E+00,-2.507522E+00
+7.030000E+00,-2.510035E+00
+7.035000E+00,-2.510035E+00
+7.040000E+00,-2.512547E+00
+7.045000E+00,-2.512547E+00
+7.050000E+00,-2.512704E+00
+7.055000E+00,-2.515060E+00
+7.060000E+00,-2.517572E+00
+7.065000E+00,-2.518514E+00
+7.070000E+00,-2.520085E+00
+7.075000E+00,-2.522597E+00
+7.080000E+00,-2.522597E+00
+7.085000E+00,-2.522597E+00
+7.090000E+00,-2.525110E+00
+7.095000E+00,-2.525738E+00
+7.100000E+00,-2.527622E+00
+7.105000E+00,-2.529821E+00
+7.110000E+00,-2.530135E+00
+7.115000E+00,-2.530135E+00
+7.120000E+00,-2.530135E+00
+7.125000E+00,-2.532648E+00
+7.130000E+00,-2.532648E+00
+7.135000E+00,-2.535160E+00
+7.140000E+00,-2.535160E+00
+7.145000E+00,-2.537673E+00
+7.150000E+00,-2.537673E+00
+7.155000E+00,-2.540185E+00
+7.160000E+00,-2.540185E+00
+7.165000E+00,-2.542698E+00
+7.170000E+00,-2.542698E+00
+7.175000E+00,-2.543326E+00
+7.180000E+00,-2.545210E+00
+7.185000E+00,-2.545210E+00
+7.190000E+00,-2.546938E+00
+7.195000E+00,-2.547723E+00
+7.200000E+00,-2.547723E+00
+7.205000E+00,-2.550236E+00
+7.210000E+00,-2.550236E+00
+7.215000E+00,-2.552748E+00
+7.220000E+00,-2.552748E+00
+7.225000E+00,-2.555261E+00
+7.230000E+00,-2.555261E+00
+7.235000E+00,-2.555261E+00
+7.240000E+00,-2.557773E+00
+7.245000E+00,-2.557773E+00
+7.250000E+00,-2.560286E+00
+7.255000E+00,-2.560286E+00
+7.260000E+00,-2.562798E+00
+7.265000E+00,-2.562798E+00
+7.270000E+00,-2.565311E+00
+7.275000E+00,-2.565311E+00
+7.280000E+00,-2.565311E+00
+7.285000E+00,-2.567823E+00
+7.290000E+00,-2.567823E+00
+7.295000E+00,-2.570336E+00
+7.300000E+00,-2.570336E+00
+7.305000E+00,-2.571278E+00
+7.310000E+00,-2.572849E+00
+7.315000E+00,-2.575361E+00
+7.320000E+00,-2.575361E+00
+7.325000E+00,-2.575361E+00
+7.330000E+00,-2.577874E+00
+7.335000E+00,-2.577874E+00
+7.340000E+00,-2.578031E+00
+7.345000E+00,-2.580386E+00
+7.350000E+00,-2.580386E+00
+7.355000E+00,-2.582899E+00
+7.360000E+00,-2.582899E+00
+7.365000E+00,-2.585411E+00
+7.370000E+00,-2.585411E+00
+7.375000E+00,-2.587924E+00
+7.380000E+00,-2.587924E+00
+7.385000E+00,-2.587924E+00
+7.390000E+00,-2.590437E+00
+7.395000E+00,-2.590437E+00
+7.400000E+00,-2.592478E+00
+7.405000E+00,-2.592949E+00
+7.410000E+00,-2.592949E+00
+7.415000E+00,-2.594834E+00
+7.420000E+00,-2.593106E+00
+7.425000E+00,-2.595462E+00
+7.430000E+00,-2.595462E+00
+7.435000E+00,-2.597974E+00
+7.440000E+00,-2.597974E+00
+7.445000E+00,-2.597974E+00
+7.450000E+00,-2.600487E+00
+7.455000E+00,-2.600487E+00
+7.460000E+00,-2.600487E+00
+7.465000E+00,-2.602999E+00
+7.470000E+00,-2.602999E+00
+7.475000E+00,-2.602999E+00
+7.480000E+00,-2.605512E+00
+7.485000E+00,-2.605512E+00
+7.490000E+00,-2.606611E+00
+7.495000E+00,-2.608024E+00
+7.500000E+00,-2.608024E+00
+7.505000E+00,-2.608339E+00
+7.510000E+00,-2.610537E+00
+7.515000E+00,-2.610537E+00
+7.520000E+00,-2.610537E+00
+7.525000E+00,-2.613050E+00
+7.530000E+00,-2.613050E+00
+7.535000E+00,-2.613678E+00
+7.540000E+00,-2.615562E+00
+7.545000E+00,-2.618075E+00
+7.550000E+00,-2.618075E+00
+7.555000E+00,-2.618075E+00
+7.560000E+00,-2.618075E+00
+7.565000E+00,-2.620587E+00
+7.570000E+00,-2.620587E+00
+7.575000E+00,-2.620587E+00
+7.580000E+00,-2.623100E+00
+7.585000E+00,-2.623100E+00
+7.590000E+00,-2.623100E+00
+7.595000E+00,-2.623100E+00
+7.600000E+00,-2.624827E+00
+7.605000E+00,-2.625612E+00
+7.610000E+00,-2.625612E+00
+7.615000E+00,-2.625612E+00
+7.620000E+00,-2.625612E+00
+7.625000E+00,-2.626555E+00
+7.630000E+00,-2.628125E+00
+7.635000E+00,-2.628125E+00
+7.640000E+00,-2.628125E+00
+7.645000E+00,-2.629695E+00
+7.650000E+00,-2.630638E+00
+7.655000E+00,-2.630638E+00
+7.660000E+00,-2.630638E+00
+7.665000E+00,-2.633150E+00
+7.670000E+00,-2.633150E+00
+7.675000E+00,-2.633150E+00
+7.680000E+00,-2.633150E+00
+7.685000E+00,-2.633150E+00
+7.690000E+00,-2.635506E+00
+7.695000E+00,-2.635663E+00
+7.700000E+00,-2.635663E+00
+7.705000E+00,-2.635663E+00
+7.710000E+00,-2.635663E+00
+7.715000E+00,-2.635663E+00
+7.720000E+00,-2.638175E+00
+7.725000E+00,-2.638175E+00
+7.730000E+00,-2.638175E+00
+7.735000E+00,-2.638175E+00
+7.740000E+00,-2.638175E+00
+7.745000E+00,-2.638175E+00
+7.750000E+00,-2.638175E+00
+7.755000E+00,-2.638175E+00
+7.760000E+00,-2.638960E+00
+7.765000E+00,-2.640688E+00
+7.770000E+00,-2.640688E+00
+7.775000E+00,-2.640688E+00
+7.780000E+00,-2.640688E+00
+7.785000E+00,-2.640688E+00
+7.790000E+00,-2.642729E+00
+7.795000E+00,-2.643200E+00
+7.800000E+00,-2.643200E+00
+7.805000E+00,-2.643200E+00
+7.810000E+00,-2.643200E+00
+7.815000E+00,-2.643200E+00
+7.820000E+00,-2.645713E+00
+7.825000E+00,-2.645713E+00
+7.830000E+00,-2.645713E+00
+7.835000E+00,-2.645713E+00
+7.840000E+00,-2.645713E+00
+7.845000E+00,-2.645713E+00
+7.850000E+00,-2.645713E+00
+7.855000E+00,-2.648225E+00
+7.860000E+00,-2.646812E+00
+7.865000E+00,-2.648225E+00
+7.870000E+00,-2.648225E+00
+7.875000E+00,-2.648225E+00
+7.880000E+00,-2.648225E+00
+7.885000E+00,-2.648225E+00
+7.890000E+00,-2.648225E+00
+7.895000E+00,-2.648225E+00
+7.900000E+00,-2.648225E+00
+7.905000E+00,-2.650424E+00
+7.910000E+00,-2.650738E+00
+7.915000E+00,-2.650738E+00
+7.920000E+00,-2.650738E+00
+7.925000E+00,-2.650738E+00
+7.930000E+00,-2.650738E+00
+7.935000E+00,-2.650738E+00
+7.940000E+00,-2.650738E+00
+7.945000E+00,-2.650738E+00
+7.950000E+00,-2.650738E+00
+7.955000E+00,-2.650738E+00
+7.960000E+00,-2.650738E+00
+7.965000E+00,-2.650738E+00
+7.970000E+00,-2.650738E+00
+7.975000E+00,-2.650738E+00
+7.980000E+00,-2.650738E+00
+7.985000E+00,-2.650738E+00
+7.990000E+00,-2.650738E+00
+7.995000E+00,-2.650738E+00
+8.000000E+00,-2.650738E+00
+8.005000E+00,-2.650738E+00
+8.010000E+00,-2.650738E+00
+8.015000E+00,-2.650738E+00
+8.020000E+00,-2.648225E+00
+8.025000E+00,-2.648225E+00
+8.030000E+00,-2.648225E+00
+8.035000E+00,-2.648225E+00
+8.040000E+00,-2.648225E+00
+8.045000E+00,-2.648225E+00
+8.050000E+00,-2.648225E+00
+8.055000E+00,-2.648225E+00
+8.060000E+00,-2.648225E+00
+8.065000E+00,-2.648540E+00
+8.070000E+00,-2.648225E+00
+8.075000E+00,-2.648225E+00
+8.080000E+00,-2.648225E+00
+8.085000E+00,-2.648225E+00
+8.090000E+00,-2.648225E+00
+8.095000E+00,-2.648225E+00
+8.100000E+00,-2.648225E+00
+8.105000E+00,-2.648225E+00
+8.110000E+00,-2.647754E+00
+8.115000E+00,-2.648225E+00
+8.120000E+00,-2.647754E+00
+8.125000E+00,-2.648225E+00
+8.130000E+00,-2.645713E+00
+8.135000E+00,-2.645713E+00
+8.140000E+00,-2.645713E+00
+8.145000E+00,-2.645713E+00
+8.150000E+00,-2.645713E+00
+8.155000E+00,-2.645713E+00
+8.160000E+00,-2.645713E+00
+8.165000E+00,-2.643514E+00
+8.170000E+00,-2.643200E+00
+8.175000E+00,-2.643200E+00
+8.180000E+00,-2.643200E+00
+8.185000E+00,-2.643200E+00
+8.190000E+00,-2.643200E+00
+8.195000E+00,-2.643200E+00
+8.200000E+00,-2.643200E+00
+8.205000E+00,-2.643200E+00
+8.210000E+00,-2.642101E+00
+8.215000E+00,-2.640688E+00
+8.220000E+00,-2.640688E+00
+8.225000E+00,-2.640688E+00
+8.230000E+00,-2.640688E+00
+8.235000E+00,-2.638175E+00
+8.240000E+00,-2.638175E+00
+8.245000E+00,-2.638175E+00
+8.250000E+00,-2.638175E+00
+8.255000E+00,-2.638175E+00
+8.260000E+00,-2.638175E+00
+8.265000E+00,-2.638175E+00
+8.270000E+00,-2.638175E+00
+8.275000E+00,-2.635663E+00
+8.280000E+00,-2.635663E+00
+8.285000E+00,-2.635663E+00
+8.290000E+00,-2.635663E+00
+8.295000E+00,-2.635663E+00
+8.300000E+00,-2.635663E+00
+8.305000E+00,-2.635663E+00
+8.310000E+00,-2.633150E+00
+8.315000E+00,-2.633150E+00
+8.320000E+00,-2.633150E+00
+8.325000E+00,-2.633150E+00
+8.330000E+00,-2.632993E+00
+8.335000E+00,-2.630638E+00
+8.340000E+00,-2.630638E+00
+8.345000E+00,-2.630638E+00
+8.350000E+00,-2.630638E+00
+8.355000E+00,-2.630638E+00
+8.360000E+00,-2.630638E+00
+8.365000E+00,-2.630638E+00
+8.370000E+00,-2.628125E+00
+8.375000E+00,-2.628125E+00
+8.380000E+00,-2.628125E+00
+8.385000E+00,-2.628125E+00
+8.390000E+00,-2.628125E+00
+8.395000E+00,-2.625612E+00
+8.400000E+00,-2.625612E+00
+8.405000E+00,-2.625612E+00
+8.410000E+00,-2.625612E+00
+8.415000E+00,-2.625612E+00
+8.420000E+00,-2.625612E+00
+8.425000E+00,-2.624042E+00
+8.430000E+00,-2.625141E+00
+8.435000E+00,-2.623100E+00
+8.440000E+00,-2.623100E+00
+8.445000E+00,-2.623100E+00
+8.450000E+00,-2.623100E+00
+8.455000E+00,-2.620587E+00
+8.460000E+00,-2.620587E+00
+8.465000E+00,-2.620587E+00
+8.470000E+00,-2.620587E+00
+8.475000E+00,-2.618075E+00
+8.480000E+00,-2.618075E+00
+8.485000E+00,-2.617761E+00
+8.490000E+00,-2.617918E+00
+8.495000E+00,-2.615562E+00
+8.500000E+00,-2.615562E+00
+8.505000E+00,-2.615562E+00
+8.510000E+00,-2.615562E+00
+8.515000E+00,-2.613050E+00
+8.520000E+00,-2.613050E+00
+8.525000E+00,-2.613050E+00
+8.530000E+00,-2.613050E+00
+8.535000E+00,-2.613050E+00
+8.540000E+00,-2.610537E+00
+8.545000E+00,-2.610537E+00
+8.550000E+00,-2.610537E+00
+8.555000E+00,-2.610537E+00
+8.560000E+00,-2.609752E+00
+8.565000E+00,-2.608024E+00
+8.570000E+00,-2.608024E+00
+8.575000E+00,-2.608024E+00
+8.580000E+00,-2.608024E+00
+8.585000E+00,-2.605512E+00
+8.590000E+00,-2.605512E+00
+8.595000E+00,-2.605512E+00
+8.600000E+00,-2.605512E+00
+8.605000E+00,-2.605512E+00
+8.610000E+00,-2.602999E+00
+8.615000E+00,-2.602999E+00
+8.620000E+00,-2.602999E+00
+8.625000E+00,-2.602999E+00
+8.630000E+00,-2.602214E+00
+8.635000E+00,-2.600487E+00
+8.640000E+00,-2.600487E+00
+8.645000E+00,-2.600487E+00
+8.650000E+00,-2.600487E+00
+8.655000E+00,-2.597974E+00
+8.660000E+00,-2.597974E+00
+8.665000E+00,-2.597974E+00
+8.670000E+00,-2.597974E+00
+8.675000E+00,-2.597974E+00
+8.680000E+00,-2.597974E+00
+8.685000E+00,-2.595462E+00
+8.690000E+00,-2.595462E+00
+8.695000E+00,-2.595462E+00
+8.700000E+00,-2.595462E+00
+8.705000E+00,-2.592949E+00
+8.710000E+00,-2.592949E+00
+8.715000E+00,-2.592949E+00
+8.720000E+00,-2.592949E+00
+8.725000E+00,-2.592949E+00
+8.730000E+00,-2.592949E+00
+8.735000E+00,-2.592949E+00
+8.740000E+00,-2.592949E+00
+8.745000E+00,-2.592007E+00
+8.750000E+00,-2.590437E+00
+8.755000E+00,-2.590437E+00
+8.760000E+00,-2.590437E+00
+8.765000E+00,-2.590437E+00
+8.770000E+00,-2.590437E+00
+8.775000E+00,-2.587924E+00
+8.780000E+00,-2.587924E+00
+8.785000E+00,-2.587924E+00
+8.790000E+00,-2.587924E+00
+8.795000E+00,-2.587924E+00
+8.800000E+00,-2.587924E+00
+8.805000E+00,-2.587610E+00
+8.810000E+00,-2.585411E+00
+8.815000E+00,-2.585411E+00
+8.820000E+00,-2.585411E+00
+8.825000E+00,-2.585411E+00
+8.830000E+00,-2.585411E+00
+8.835000E+00,-2.585411E+00
+8.840000E+00,-2.584940E+00
+8.845000E+00,-2.585411E+00
+8.850000E+00,-2.582899E+00
+8.855000E+00,-2.582899E+00
+8.860000E+00,-2.582899E+00
+8.865000E+00,-2.582899E+00
+8.870000E+00,-2.582899E+00
+8.875000E+00,-2.580386E+00
+8.880000E+00,-2.580386E+00
+8.885000E+00,-2.580386E+00
+8.890000E+00,-2.580386E+00
+8.895000E+00,-2.580386E+00
+8.900000E+00,-2.580386E+00
+8.905000E+00,-2.580386E+00
+8.910000E+00,-2.577874E+00
+8.915000E+00,-2.577874E+00
+8.920000E+00,-2.578345E+00
+8.925000E+00,-2.577874E+00
+8.930000E+00,-2.577874E+00
+8.935000E+00,-2.577874E+00
+8.940000E+00,-2.577874E+00
+8.945000E+00,-2.577874E+00
+8.950000E+00,-2.577874E+00
+8.955000E+00,-2.575361E+00
+8.960000E+00,-2.575361E+00
+8.965000E+00,-2.575361E+00
+8.970000E+00,-2.575361E+00
+8.975000E+00,-2.575361E+00
+8.980000E+00,-2.575361E+00
+8.985000E+00,-2.575361E+00
+8.990000E+00,-2.575361E+00
+8.995000E+00,-2.575361E+00
+9.000000E+00,-2.574890E+00
+9.005000E+00,-2.573791E+00
+9.010000E+00,-2.572849E+00
+9.015000E+00,-2.572849E+00
+9.020000E+00,-2.572849E+00
+9.025000E+00,-2.572849E+00
+9.030000E+00,-2.572849E+00
+9.035000E+00,-2.572849E+00
+9.040000E+00,-2.572849E+00
+9.045000E+00,-2.572849E+00
+9.050000E+00,-2.572849E+00
+9.055000E+00,-2.572849E+00
+9.060000E+00,-2.572849E+00
+9.065000E+00,-2.572849E+00
+9.070000E+00,-2.572849E+00
+9.075000E+00,-2.572849E+00
+9.080000E+00,-2.570807E+00
+9.085000E+00,-2.571906E+00
+9.090000E+00,-2.572849E+00
+9.095000E+00,-2.572220E+00
+9.100000E+00,-2.570336E+00
+9.105000E+00,-2.570336E+00
+9.110000E+00,-2.570336E+00
+9.115000E+00,-2.570336E+00
+9.120000E+00,-2.570336E+00
+9.125000E+00,-2.570336E+00
+9.130000E+00,-2.570336E+00
+9.135000E+00,-2.570336E+00
+9.140000E+00,-2.570336E+00
+9.145000E+00,-2.570336E+00
+9.150000E+00,-2.570336E+00
+9.155000E+00,-2.570336E+00
+9.160000E+00,-2.570336E+00
+9.165000E+00,-2.570336E+00
+9.170000E+00,-2.570336E+00
+9.175000E+00,-2.569708E+00
+9.180000E+00,-2.570336E+00
+9.185000E+00,-2.570336E+00
+9.190000E+00,-2.570336E+00
+9.195000E+00,-2.570336E+00
+9.200000E+00,-2.570336E+00
+9.205000E+00,-2.570336E+00
+9.210000E+00,-2.570336E+00
+9.215000E+00,-2.570336E+00
+9.220000E+00,-2.570336E+00
+9.225000E+00,-2.570336E+00
+9.230000E+00,-2.570336E+00
+9.235000E+00,-2.572849E+00
+9.240000E+00,-2.572377E+00
+9.245000E+00,-2.572849E+00
+9.250000E+00,-2.572849E+00
+9.255000E+00,-2.572849E+00
+9.260000E+00,-2.572849E+00
+9.265000E+00,-2.572849E+00
+9.270000E+00,-2.572849E+00
+9.275000E+00,-2.572849E+00
+9.280000E+00,-2.572849E+00
+9.285000E+00,-2.572849E+00
+9.290000E+00,-2.572849E+00
+9.295000E+00,-2.575361E+00
+9.300000E+00,-2.574262E+00
+9.305000E+00,-2.572849E+00
+9.310000E+00,-2.572849E+00
+9.315000E+00,-2.572849E+00
+9.320000E+00,-2.572849E+00
+9.325000E+00,-2.572849E+00
+9.330000E+00,-2.572849E+00
+9.335000E+00,-2.573477E+00
+9.340000E+00,-2.575204E+00
+9.345000E+00,-2.575047E+00
+9.350000E+00,-2.575361E+00
+9.355000E+00,-2.575361E+00
+9.360000E+00,-2.575361E+00
+9.365000E+00,-2.575361E+00
+9.370000E+00,-2.575361E+00
+9.375000E+00,-2.577246E+00
+9.380000E+00,-2.577874E+00
+9.385000E+00,-2.577874E+00
+9.390000E+00,-2.577403E+00
+9.395000E+00,-2.577874E+00
+9.400000E+00,-2.577874E+00
+9.405000E+00,-2.577874E+00
+9.410000E+00,-2.577874E+00
+9.415000E+00,-2.577874E+00
+9.420000E+00,-2.577874E+00
+9.425000E+00,-2.580072E+00
+9.430000E+00,-2.580386E+00
+9.435000E+00,-2.580386E+00
+9.440000E+00,-2.580386E+00
+9.445000E+00,-2.580386E+00
+9.450000E+00,-2.582742E+00
+9.455000E+00,-2.582899E+00
+9.460000E+00,-2.582899E+00
+9.465000E+00,-2.582899E+00
+9.470000E+00,-2.582899E+00
+9.475000E+00,-2.582899E+00
+9.480000E+00,-2.582899E+00
+9.485000E+00,-2.582899E+00
+9.490000E+00,-2.584312E+00
+9.495000E+00,-2.585411E+00
+9.500000E+00,-2.585411E+00
+9.505000E+00,-2.585411E+00
+9.510000E+00,-2.585411E+00
+9.515000E+00,-2.585411E+00
+9.520000E+00,-2.586197E+00
+9.525000E+00,-2.587924E+00
+9.530000E+00,-2.587924E+00
+9.535000E+00,-2.587924E+00
+9.540000E+00,-2.587924E+00
+9.545000E+00,-2.587924E+00
+9.550000E+00,-2.587924E+00
+9.555000E+00,-2.587924E+00
+9.560000E+00,-2.590437E+00
+9.565000E+00,-2.590437E+00
+9.570000E+00,-2.590437E+00
+9.575000E+00,-2.590437E+00
+9.580000E+00,-2.590594E+00
+9.585000E+00,-2.592949E+00
+9.590000E+00,-2.592949E+00
+9.595000E+00,-2.592949E+00
+9.600000E+00,-2.592949E+00
+9.605000E+00,-2.595462E+00
+9.610000E+00,-2.595462E+00
+9.615000E+00,-2.595462E+00
+9.620000E+00,-2.595462E+00
+9.625000E+00,-2.597974E+00
+9.630000E+00,-2.597974E+00
+9.635000E+00,-2.597974E+00
+9.640000E+00,-2.597974E+00
+9.645000E+00,-2.600487E+00
+9.650000E+00,-2.600487E+00
+9.655000E+00,-2.600487E+00
+9.660000E+00,-2.600644E+00
+9.665000E+00,-2.602685E+00
+9.670000E+00,-2.602999E+00
+9.675000E+00,-2.602999E+00
+9.680000E+00,-2.602999E+00
+9.685000E+00,-2.603313E+00
+9.690000E+00,-2.605512E+00
+9.695000E+00,-2.605512E+00
+9.700000E+00,-2.605512E+00
+9.705000E+00,-2.605512E+00
+9.710000E+00,-2.608024E+00
+9.715000E+00,-2.608024E+00
+9.720000E+00,-2.608024E+00
+9.725000E+00,-2.608024E+00
+9.730000E+00,-2.610537E+00
+9.735000E+00,-2.610537E+00
+9.740000E+00,-2.610537E+00
+9.745000E+00,-2.610537E+00
+9.750000E+00,-2.613050E+00
+9.755000E+00,-2.613050E+00
+9.760000E+00,-2.613050E+00
+9.765000E+00,-2.613050E+00
+9.770000E+00,-2.615562E+00
+9.775000E+00,-2.615562E+00
+9.780000E+00,-2.615562E+00
+9.785000E+00,-2.615562E+00
+9.790000E+00,-2.615562E+00
+9.795000E+00,-2.618075E+00
+9.800000E+00,-2.618075E+00
+9.805000E+00,-2.620587E+00
+9.810000E+00,-2.620587E+00
+9.815000E+00,-2.620587E+00
+9.820000E+00,-2.620587E+00
+9.825000E+00,-2.623100E+00
+9.830000E+00,-2.623100E+00
+9.835000E+00,-2.624356E+00
+9.840000E+00,-2.625612E+00
+9.845000E+00,-2.625612E+00
+9.850000E+00,-2.625769E+00
+9.855000E+00,-2.628125E+00
+9.860000E+00,-2.628125E+00
+9.865000E+00,-2.628125E+00
+9.870000E+00,-2.630638E+00
